variavel,psi,classificacao
DAYS_BIRTH,12.430682,acao
DAYS_EMPLOYED,0.369102,acao
prev_valor_pedido_medio,0.093363,estavel
prev_credito_medio,0.089782,estavel
bureau_utilizacao_media,0.052288,estavel
inst_n_parcelas,0.052012,estavel
AMT_INCOME_TOTAL,0.033308,estavel
bureau_divida_total,0.028017,estavel
bureau_credito_total,0.027952,estavel
AMT_CREDIT,0.025682,estavel
bureau_prop_ativos,0.023718,estavel
prev_ratio_aprovado_pedido,0.022833,estavel
prev_n_cancelados,0.021563,estavel
prev_taxa_cancelamento,0.017074,estavel
inst_ratio_pagto_devido,0.013296,estavel
prev_n_pedidos,0.011892,estavel
prev_n_aprovados,0.010849,estavel
bureau_n_creditos,0.007114,estavel
inst_taxa_pagto_menor,0.00675,estavel
AMT_ANNUITY,0.006168,estavel
bureau_n_ativos,0.006154,estavel
inst_taxa_em_dia,0.005365,estavel
prev_taxa_recusa,0.004297,estavel
inst_atraso_max_dias,0.003435,estavel
inst_atraso_desvpad,0.002007,estavel
inst_atraso_medio_dias,0.00149,estavel
prev_taxa_aprovacao,0.000845,estavel
prev_n_recusados,0.000223,estavel
bureau_atraso_max_dias,0.0,estavel
bureau_atraso_medio_dias,0.0,estavel
bureau_n_com_atraso,0.0,estavel
DAYS_EMPLOYED_ANOMALO,0.0,estavel
